{
    "protectionData_create_channel_1353841192009334845_1358967724478300172": 1,
    "protectionTimer_1353841192009334845": [
        {
            "ID": "1358967724478300172",
            "action": "create_channel",
            "Time": "2025-04-19 00:27:30",
            "server": "1353841192009334845",
            "Number": 0
        }
    ],
    "protectionData_delete_channel_1309874616734453914_880010973216387193": 24,
    "protectionTimer_1309874616734453914": [
        {
            "ID": "880010973216387193",
            "action": "delete_channel",
            "Time": "2025-04-20 02:22:07",
            "server": "1309874616734453914",
            "Number": 0
        },
        {
            "ID": "880010973216387193",
            "action": "delete_channel",
            "Time": "2025-04-20 02:24:41",
            "server": "1309874616734453914",
            "Number": 1
        },
        {
            "ID": "880010973216387193",
            "action": "delete_channel",
            "Time": "2025-04-20 02:30:26",
            "server": "1309874616734453914",
            "Number": 2
        },
        {
            "ID": "880010973216387193",
            "action": "delete_channel",
            "Time": "2025-04-20 02:30:45",
            "server": "1309874616734453914",
            "Number": 3
        },
        {
            "ID": "880010973216387193",
            "action": "delete_channel",
            "Time": "2025-04-20 02:35:15",
            "server": "1309874616734453914",
            "Number": 4
        },
        {
            "ID": "880010973216387193",
            "action": "delete_channel",
            "Time": "2025-04-20 02:35:31",
            "server": "1309874616734453914",
            "Number": 5
        },
        {
            "ID": "880010973216387193",
            "action": "delete_channel",
            "Time": "2025-04-20 02:35:45",
            "server": "1309874616734453914",
            "Number": 6
        },
        {
            "ID": "880010973216387193",
            "action": "delete_channel",
            "Time": "2025-04-20 02:35:56",
            "server": "1309874616734453914",
            "Number": 7
        },
        {
            "ID": "880010973216387193",
            "action": "delete_channel",
            "Time": "2025-04-20 02:36:26",
            "server": "1309874616734453914",
            "Number": 8
        },
        {
            "ID": "880010973216387193",
            "action": "delete_channel",
            "Time": "2025-04-20 02:45:34",
            "server": "1309874616734453914",
            "Number": 9
        },
        {
            "ID": "880010973216387193",
            "action": "delete_channel",
            "Time": "2025-04-20 02:46:06",
            "server": "1309874616734453914",
            "Number": 10
        },
        {
            "ID": "880010973216387193",
            "action": "delete_channel",
            "Time": "2025-04-20 02:46:30",
            "server": "1309874616734453914",
            "Number": 11
        },
        {
            "ID": "880010973216387193",
            "action": "delete_channel",
            "Time": "2025-04-20 04:06:01",
            "server": "1309874616734453914",
            "Number": 12
        },
        {
            "ID": "880010973216387193",
            "action": "delete_channel",
            "Time": "2025-04-20 04:06:07",
            "server": "1309874616734453914",
            "Number": 13
        },
        {
            "ID": "880010973216387193",
            "action": "delete_channel",
            "Time": "2025-04-20 04:06:13",
            "server": "1309874616734453914",
            "Number": 14
        },
        {
            "ID": "880010973216387193",
            "action": "delete_channel",
            "Time": "2025-04-20 04:06:18",
            "server": "1309874616734453914",
            "Number": 15
        },
        {
            "ID": "880010973216387193",
            "action": "delete_channel",
            "Time": "2025-04-20 04:06:24",
            "server": "1309874616734453914",
            "Number": 16
        },
        {
            "ID": "880010973216387193",
            "action": "kick",
            "Time": "2025-04-20 05:49:26",
            "server": "1309874616734453914",
            "Number": 0
        },
        {
            "ID": "880010973216387193",
            "action": "kick",
            "Time": "2025-04-20 05:51:31",
            "server": "1309874616734453914",
            "Number": 1
        },
        {
            "ID": "880010973216387193",
            "action": "kick",
            "Time": "2025-04-20 05:58:58",
            "server": "1309874616734453914",
            "Number": 2
        },
        {
            "ID": "880010973216387193",
            "action": "kick",
            "Time": "2025-04-20 11:22:18",
            "server": "1309874616734453914",
            "Number": 3
        },
        {
            "ID": "880010973216387193",
            "action": "delete_channel",
            "Time": "2025-04-20 14:43:05",
            "server": "1309874616734453914",
            "Number": 17
        },
        {
            "ID": "880010973216387193",
            "action": "delete_channel",
            "Time": "2025-04-20 14:43:10",
            "server": "1309874616734453914",
            "Number": 18
        },
        {
            "ID": "880010973216387193",
            "action": "delete_channel",
            "Time": "2025-04-20 14:43:15",
            "server": "1309874616734453914",
            "Number": 19
        },
        {
            "ID": "880010973216387193",
            "action": "delete_channel",
            "Time": "2025-04-20 14:43:20",
            "server": "1309874616734453914",
            "Number": 20
        },
        {
            "ID": "880010973216387193",
            "action": "delete_channel",
            "Time": "2025-04-20 14:43:32",
            "server": "1309874616734453914",
            "Number": 21
        },
        {
            "ID": "880010973216387193",
            "action": "delete_channel",
            "Time": "2025-04-20 14:43:38",
            "server": "1309874616734453914",
            "Number": 22
        },
        {
            "ID": "880010973216387193",
            "action": "create_channel",
            "Time": "2025-04-22 02:17:24",
            "server": "1309874616734453914",
            "Number": 0
        },
        {
            "ID": "880010973216387193",
            "action": "create_channel",
            "Time": "2025-04-25 04:10:56",
            "server": "1309874616734453914",
            "Number": 1
        },
        {
            "ID": "880010973216387193",
            "action": "delete_channel",
            "Time": "2025-04-25 04:11:01",
            "server": "1309874616734453914",
            "Number": 23
        },
        {
            "ID": "880010973216387193",
            "action": "kick",
            "Time": "2025-04-25 04:26:23",
            "server": "1309874616734453914",
            "Number": 4
        },
        {
            "ID": "880010973216387193",
            "action": "kick",
            "Time": "2025-04-25 04:26:28",
            "server": "1309874616734453914",
            "Number": 5
        },
        {
            "ID": "880010973216387193",
            "action": "kick",
            "Time": "2025-05-06 18:10:41",
            "server": "1309874616734453914",
            "Number": 6
        }
    ],
    "protectionData_kick_1309874616734453914_880010973216387193": 7,
    "protectionData_create_channel_1309874616734453914_880010973216387193": 2
}