{
    "ticketData_1309874616734453914_1363473378266054806": {
        "panal_categoryID": "1359196243523407962",
        "button_name": "عمك",
        "button_color": "4",
        "button_emoji": "<a:598721248402472960:1311010427026804757>",
        "support_role": "1362869953971228844",
        "modals": [],
        "welcome": {
            "message": "ياشيخ",
            "type": "embed"
        }
    },
    "ticketData_1309874616734453914_1363479064005972148": {
        "panal_categoryID": "1359196243523407962",
        "button_name": "عمك",
        "button_color": "4",
        "button_emoji": "<a:598721248402472960:1311010427026804757>",
        "support_role": "1362869953971228844",
        "modals": [],
        "welcome": {
            "message": "ياشيخ",
            "type": "embed"
        }
    },
    "1363479064005972148_claimed": "975289964705243157",
    "ticketData_1309874616734453914_1363483028424360138": {
        "panal_categoryID": "1359196243523407962",
        "button_name": "عمك",
        "button_color": "4",
        "button_emoji": "<a:598721248402472960:1311010427026804757>",
        "support_role": "1362869953971228844",
        "modals": [],
        "welcome": {
            "message": "ياشيخ",
            "type": "embed"
        }
    },
    "1363485170254217228_claimed": "1042425439878135919",
    "ticketData_1309874616734453914_1363485659200749578": {
        "panal_categoryID": "1359196243523407962",
        "button_name": "test",
        "button_color": "3",
        "button_emoji": "<a:598721248402472960:1311010427026804757>",
        "support_role": "1327706813683990619",
        "modals": [],
        "welcome": {
            "message": "Tets",
            "type": "embed"
        }
    },
    "ticketData_1309874616734453914_1363485860787654848": {
        "panal_categoryID": "1359196243523407962",
        "button_name": "test",
        "button_color": "3",
        "button_emoji": "<a:598721248402472960:1311010427026804757>",
        "support_role": "1327706813683990619",
        "modals": [],
        "welcome": {
            "message": "Tets",
            "type": "embed"
        }
    },
    "ticketData_1309874616734453914_1363485934766526705": {
        "panal_categoryID": "1359196243523407962",
        "button_name": "test",
        "button_color": "3",
        "button_emoji": "<a:598721248402472960:1311010427026804757>",
        "support_role": "1327706813683990619",
        "modals": [],
        "welcome": {
            "message": "Tets",
            "type": "embed"
        }
    },
    "ticketData_1309874616734453914_1363486009118949508": {
        "panal_categoryID": "1359196243523407962",
        "button_name": "test",
        "button_color": "3",
        "button_emoji": "<a:598721248402472960:1311010427026804757>",
        "support_role": "1327706813683990619",
        "modals": [],
        "welcome": {
            "message": "Tets",
            "type": "embed"
        }
    },
    "ticketData_1309874616734453914_1363487592577896690": {
        "panal_categoryID": "1359196243523407962",
        "button_name": "test",
        "button_color": "3",
        "button_emoji": "<a:598721248402472960:1311010427026804757>",
        "support_role": "1327706813683990619",
        "modals": [],
        "welcome": {
            "message": "Tets",
            "type": "embed"
        }
    },
    "ticketData_1309874616734453914_1363488894770745394": {
        "panal_categoryID": "1359196243523407962",
        "button_name": "test",
        "button_color": "3",
        "button_emoji": "<a:598721248402472960:1311010427026804757>",
        "support_role": "1327706813683990619",
        "modals": [],
        "welcome": {
            "message": "Tets",
            "type": "embed"
        }
    },
    "1363483028424360138_claimed": "792147976055160852",
    "ticketData_1309874616734453914_1363490557602828338": {
        "panal_categoryID": "1359196243523407962",
        "button_name": "test",
        "button_color": "3",
        "button_emoji": "<a:598721248402472960:1311010427026804757>",
        "support_role": "1327706813683990619",
        "modals": [],
        "welcome": {
            "message": "Tets",
            "type": "embed"
        }
    },
    "ticketData_1309874616734453914_1363494945129894113": {
        "panal_categoryID": "1359196243523407962",
        "button_name": "test",
        "button_color": "3",
        "button_emoji": "<a:598721248402472960:1311010427026804757>",
        "support_role": "1327706813683990619",
        "modals": [],
        "welcome": {
            "message": "Tets",
            "type": "embed"
        }
    },
    "ticketData_1309874616734453914_1363495671092609106": {
        "panal_categoryID": "1359196243523407962",
        "button_name": "test",
        "button_color": "3",
        "button_emoji": "<a:598721248402472960:1311010427026804757>",
        "support_role": "1327706813683990619",
        "modals": [],
        "welcome": {
            "message": "Tets",
            "type": "embed"
        }
    },
    "ticketData_1309874616734453914_1363496539858669714": {
        "panal_categoryID": "1359196243523407962",
        "button_name": "test",
        "button_color": "3",
        "button_emoji": "<a:598721248402472960:1311010427026804757>",
        "support_role": "1327706813683990619",
        "modals": [],
        "welcome": {
            "message": "Tets",
            "type": "embed"
        }
    },
    "ticketData_1309874616734453914_1363498640789733428": {
        "panal_categoryID": "1359196243523407962",
        "button_name": "test",
        "button_color": "3",
        "button_emoji": "<a:598721248402472960:1311010427026804757>",
        "support_role": "1327706813683990619",
        "modals": [],
        "welcome": {
            "message": "Tets",
            "type": "embed"
        }
    },
    "ticketData_1309874616734453914_1363626526297555224": {
        "panal_categoryID": "1359196243523407962",
        "button_name": "test",
        "button_color": "3",
        "button_emoji": "<a:598721248402472960:1311010427026804757>",
        "support_role": "1327706813683990619",
        "modals": [],
        "welcome": {
            "message": "Tets",
            "type": "embed"
        }
    },
    "ticketData_1309874616734453914_1363627562940498011": {
        "panal_categoryID": "1359196243523407962",
        "button_name": "test",
        "button_color": "3",
        "button_emoji": "<a:598721248402472960:1311010427026804757>",
        "support_role": "1327706813683990619",
        "modals": [],
        "welcome": {
            "message": "Tets",
            "type": "embed"
        }
    },
    "ticketData_1309874616734453914_1366464880072200334": {
        "panal_categoryID": "1363631564012916747",
        "button_name": "دعم فني",
        "button_color": "4",
        "button_emoji": "<a:598721248402472960:1311010427026804757>",
        "support_role": "1362869926481629224",
        "modals": [],
        "welcome": {
            "message": "نوره زربه",
            "type": "embed"
        }
    },
    "1366464880072200334_claimed": "880010973216387193"
}