{
    "1346849202160013403": [
        {
            "warn_number": 1,
            "reason": "صدك والله؟",
            "issued_by": "880010973216387193",
            "issued_at": "2025-04-23T13:34:30.258+02:00"
        },
        {
            "warn_number": 2,
            "reason": "صدك والله؟",
            "issued_by": "880010973216387193",
            "issued_at": "2025-04-23T13:34:30.390+02:00"
        }
    ],
    "880010973216387193": [
        {
            "warn_number": 1,
            "reason": "حبيبي",
            "issued_by": "880010973216387193",
            "issued_at": "2025-04-23T13:35:22.381+02:00"
        },
        {
            "warn_number": 2,
            "reason": "حبيبي",
            "issued_by": "880010973216387193",
            "issued_at": "2025-04-23T13:35:22.387+02:00"
        },
        {
            "warn_number": 3,
            "reason": "حبيبي",
            "issued_by": "880010973216387193",
            "issued_at": "2025-04-23T13:36:32.881+02:00"
        },
        {
            "warn_number": 4,
            "reason": "حبيبي",
            "issued_by": "880010973216387193",
            "issued_at": "2025-04-23T13:36:32.951+02:00"
        }
    ]
}